gene_id	baseMean	log2FoldChange	lfcSE	pvalue	padj
ENSMUSG00000021609	100.2399	4.287074	2.48979458	7.99448e-07	0.001123125
ENSMUSG00000026058	205.7066	1.002765	0.20067	3.228297e-09	1.814141e-05
ENSMUSG00000030110	57.70527	1.685401	1.21784507	3.120719e-06	0.003113334
ENSMUSG00000040452	108.5363	1.318714	0.41347583	5.421177e-07	0.001123125
ENSMUSG00000090546	263.9797	17.18168	2.83613453	5.805923e-10	6.525277e-06
ENSMUSG00000103497	62.01014	1.139495	0.37344854	7.268831e-07	0.001123125
ENSMUSG00000106855	46.70696	1.014311	0.54586515	6.532781e-06	0.004894795
