sample	sizeFactor
Sham_oxy_1	0.292178791253174
Sham_oxy_2	0.931681347432497
Sham_oxy_3	0.676988882211669
Sham_oxy_4	1.16243010998144
Sham_Sal_1	0.803754949604515
Sham_Sal_2	1.72270636111368
Sham_Sal_3	1.7910236606092
Sham_Sal_4	1.18045963369258
SNI_oxy_1	1.18190803999052
SNI_oxy_2	1.28758198529953
SNI_oxy_3	1.17921742147532
SNI_oxy_4	0.906792260419134
SNI_Sal_1	1.33779718074189
SNI_Sal_3	0.850770134245705
