gene_id	baseMean	log2FoldChange	lfcSE	pvalue	padj
ENSMUSG00000025386	129.9629641	2.852145	2.08935098	0.0001461492	0.02391975
ENSMUSG00000076613	761.33936244	10.10528	1.0905787	2.731331e-21	2.682167e-18
ENSMUSG00000076609	2833.69843895	7.768873	1.04806609	3.8847e-14	1.549449e-11
ENSMUSG00000067149	569.24056298	7.068413	0.95341978	4.73355e-14	1.549449e-11
ENSMUSG00000095079	654.80999016	6.187533	0.90552108	4.003607e-12	9.828856e-10
ENSMUSG00000105906	64.40264338	4.214021	1.94649462	4.310622e-05	0.008466062
